Uid,Hashed Id,Total Hours,Total Price,Unit Price,Package,Installments,Crm Deal Id,Discount,Stripe Url,Stripe Customer Id,Extra Student,Active,Created At,Last Updated,Booking Date,Upsell
1,63775706c9ff864c1c0d478a271f5ce2c85614541a73cfc99401b59e,48,13872.0,289.0,6-months-289,6,378710000011374372,,toptutors.dk/order/63775706c9ff864c1c0d478a271f5ce2c85614541a73cfc99401b59e,cus_KuNexDPab39pjI,,True,,,,
12,e41de28dec0ad1587b2d237d7811e9c2e42f5bc25fbe8be485930685,48,13872.0,289.0,6-months-289,6,378710000011696044,,toptutors.dk/order/e41de28dec0ad1587b2d237d7811e9c2e42f5bc25fbe8be485930685,cus_MyXyyGFpJk1Mz0,,False,,,,
2,46c6dc9a226426ab59ee59a22feec9a317391fd9f22f66e1dd3d3f71,48,4800.0,100.0,test-100,6,378710000011374372,,toptutors.dk/order/46c6dc9a226426ab59ee59a22feec9a317391fd9f22f66e1dd3d3f71,cus_KuNexDPab39pjI,,False,,,,
3,aa33b4025072656af2048ec277c0f8bc2b875a42df7f34c824465ff4,48,13872.0,289.0,6-months-289,6,378710000011037174,,toptutors.dk/order/aa33b4025072656af2048ec277c0f8bc2b875a42df7f34c824465ff4,cus_KuNexDPab39pjI,,True,,,,
13,921db8f5676cb9c0e043b1ae94ad715e424c162104da4f820c9a8e03,144,32976.0,229.0,18-months-229,18,378710000011136531,,toptutors.dk/order/921db8f5676cb9c0e043b1ae94ad715e424c162104da4f820c9a8e03,cus_MyvufsjID1y2cl,,True,,,,
4,fc5b78656504f008cc4bf87f2c33ecf67138f9cb6aaaa23da919b211,48,13872.0,289.0,6-months-289,6,378710000011037174,,toptutors.dk/order/fc5b78656504f008cc4bf87f2c33ecf67138f9cb6aaaa23da919b211,cus_MtHTaBNp0syaLk,,False,,,,
17,8009008ce6419a0c35be89326b1b18360c626bfca7f04b23495669cd,144,32976.0,229.0,18-months-229,18,378710000011816101,,toptutors.dk/order/8009008ce6419a0c35be89326b1b18360c626bfca7f04b23495669cd,cus_N3nQDQ99ImXdfB,,False,,,,
5,f3ecada6ade62f2ef592739450a624f46b5f5d3e013dbad60ed00c2a,48,13872.0,289.0,6-months-289,6,378710000010617310,,toptutors.dk/order/f3ecada6ade62f2ef592739450a624f46b5f5d3e013dbad60ed00c2a,cus_KuNexDPab39pjI,,True,,,,
6,3b5b6cc95a613d55be84afcb2cd26f95606602186761a010e4bdc329,48,17978.4,289.0,6-months-289,6,378710000010617310,5,toptutors.dk/order/3b5b6cc95a613d55be84afcb2cd26f95606602186761a010e4bdc329,cus_LHhAuCGxHsRA5C,2,True,,,,
14,9566f0e855013e4dcbe16eac604fac4d1cc73949fc6f8fb3f3838779,48,13872.0,289.0,6-months-289,6,378710000011681447,,toptutors.dk/order/9566f0e855013e4dcbe16eac604fac4d1cc73949fc6f8fb3f3838779,cus_Mzz2cRgXzPq059,,False,,,,
7,e4faf1024a2bb3c1f2eb3a09379a44a57619ec1f6a5440bbd2a824ea,48,13872.0,289.0,6-months-289,6,378710000011528290,,toptutors.dk/order/e4faf1024a2bb3c1f2eb3a09379a44a57619ec1f6a5440bbd2a824ea,cus_KuNexDPab39pjI,,True,,,,
8,9a14b07af64775c27b3f4b7cbaf7c44345d0ecde38572a4dbd76cdd2,48,13872.0,289.0,6-months-289,6,378710000011528369,,toptutors.dk/order/9a14b07af64775c27b3f4b7cbaf7c44345d0ecde38572a4dbd76cdd2,cus_KuNexDPab39pjI,,True,,,,
9,e2845ee5a948a0c2b841ca142ba31bc2bb723147ebe67b7405082202,144,32976.0,229.0,18-months-229,18,378710000011395191,,toptutors.dk/order/e2845ee5a948a0c2b841ca142ba31bc2bb723147ebe67b7405082202,cus_Mx5JTR4GCV2qUE,,False,,,,
15,60671d9877719759287f1cdb01750981ce28f55110494fa2519301a0,48,13872.0,289.0,6-months-289,6,378710000011785001,,toptutors.dk/order/60671d9877719759287f1cdb01750981ce28f55110494fa2519301a0,cus_N1BjC2KeiUP9F4,,False,,,,
11,7d65cc1dc1ff0b421bd36344049f88aab1171de6e0d4f20504311dbd,48,13872.0,289.0,1-months-289,1,378710000011696044,,toptutors.dk/order/7d65cc1dc1ff0b421bd36344049f88aab1171de6e0d4f20504311dbd,cus_MyXyyGFpJk1Mz0,,True,,,,
20,420c3b9231da6edeb890034fc98e5cc850df17e750b7e2c5f8a5ec94,48,13872.0,289.0,6-months-289,6,378710000011915555,,toptutors.dk/order/420c3b9231da6edeb890034fc98e5cc850df17e750b7e2c5f8a5ec94,cus_N4u9yLym1kFwd1,,False,,,,
16,c83984aa82698cdc1090eff3ba07f304726a296938c5d9452bfa80a6,48,13872.0,289.0,6-months-289,6,378710000011563498,,toptutors.dk/order/c83984aa82698cdc1090eff3ba07f304726a296938c5d9452bfa80a6,cus_N1CKynLXOKTBJZ,,False,,,,
19,b8b6233a58c5260a6d8944ecb49208a3a858831ba209f0467acffdaa,144,32976.0,229.0,18-months-229,18,378710000011562495,,toptutors.dk/order/b8b6233a58c5260a6d8944ecb49208a3a858831ba209f0467acffdaa,cus_N4YMPOE3sbIpoJ,,False,,,,
25,555b6c47043d6e7ff38c9c9aff77fac99435e16ba95d629afdabf3a5,72,19368.0,269.0,9-months-269,9,378710000012510532,,toptutors.dk/order/555b6c47043d6e7ff38c9c9aff77fac99435e16ba95d629afdabf3a5,cus_N8e57YJhuYuBmD,,False,,,,
18,c28e52b645d3f18003d6978f2fbf89386cb76f972207e37dff2462e8,24,7416.0,309.0,3-months-309,3,378710000010109058,,toptutors.dk/order/c28e52b645d3f18003d6978f2fbf89386cb76f972207e37dff2462e8,cus_N4WITaaMTKt5kC,,True,,,,
21,6660acb9abfe47b921d88e2fd4f1c962f9ed3fc5d3d73ca09798fdf6,144,32976.0,229.0,18-months-229,18,378710000012030060,,toptutors.dk/order/6660acb9abfe47b921d88e2fd4f1c962f9ed3fc5d3d73ca09798fdf6,cus_N6PldzJLqsFjVV,,False,,,,
24,9d9d89d9fcccd93e4b185d5a208adbb5bc96f55cc57faf1c0a35cef1,48,13872.0,289.0,12-months-289,12,378710000011763041,,toptutors.dk/order/9d9d89d9fcccd93e4b185d5a208adbb5bc96f55cc57faf1c0a35cef1,cus_N7ruQd1SKOZBnj,,True,,,,
23,15682e500885face75e6326988a27c6d005bffe445d0b216ae218f78,24,7416.0,309.0,3-months-309,3,378710000012498240,,toptutors.dk/order/15682e500885face75e6326988a27c6d005bffe445d0b216ae218f78,cus_LjmcQOkTsVSdBG,,False,,,,
22,783e78c27f9bcaaad4f88c6279d6798aeaa18bc57be68516de2451f7,24,7416.0,309.0,6-months-309,6,378710000010109058,,toptutors.dk/order/783e78c27f9bcaaad4f88c6279d6798aeaa18bc57be68516de2451f7,cus_N4WITaaMTKt5kC,,False,,,,
27,bbf84bcd3e125ae734510b5ea8801881dadcc935ce973f06941b95dd,24,7416.0,309.0,6-months-309,6,378710000010684001,,toptutors.dk/order/bbf84bcd3e125ae734510b5ea8801881dadcc935ce973f06941b95dd,cus_N8expkTWnhlwbB,,True,,,,
28,f31cbd1e774b23a6bd62e7bac47b40c91b164c2124f5e4f48615aad7,24,7416.0,309.0,6-months-309,6,378710000010684001,,toptutors.dk/order/f31cbd1e774b23a6bd62e7bac47b40c91b164c2124f5e4f48615aad7,cus_N8f1yOhAabCeH3,,False,,,,
26,fea78475362fd468fa040340440cd90fc34c61561adebdbb82dc3381,48,13872.0,289.0,6-months-289,6,378710000012210053,,toptutors.dk/order/fea78475362fd468fa040340440cd90fc34c61561adebdbb82dc3381,cus_N8eYVXoQELGoLd,,False,,,,
29,e42905786263e6d7cbd27e1602bbe4509f60351eed4734428a7ae3c3,144,32976.0,229.0,18-months-229,18,378710000010342936,,toptutors.dk/order/e42905786263e6d7cbd27e1602bbe4509f60351eed4734428a7ae3c3,cus_MuRAEQpXWYRQOP,,True,,,,
31,92d1287c965505d5be3c98f27c1f469e413579402b0721d5e39904c7,144,32976.0,229.0,36-months-229,36,378710000011824314,,toptutors.dk/order/92d1287c965505d5be3c98f27c1f469e413579402b0721d5e39904c7,cus_N9Q1WCTYI8cozy,,True,,,,
30,f805fdcd97bb2858601fb8d75cf44b57241484136fcb3e4a5d38dd3d,144,32976.0,229.0,18-months-229,18,378710000011756303,,toptutors.dk/order/f805fdcd97bb2858601fb8d75cf44b57241484136fcb3e4a5d38dd3d,cus_N9PKhuy0s0CiXz,,False,,,,
45,3dc53ee35b38e5fcdfb35aae87f9ba64cca94fd037ee4d5548bd1bdf,24,7416.0,309.0,6-months-309,6,378710000012811706,,toptutors.dk/order/3dc53ee35b38e5fcdfb35aae87f9ba64cca94fd037ee4d5548bd1bdf,cus_NDu49cvrD3AuFa,,False,,,,
32,999f616e28650779c0d73c470ac55900b69fa1438367a5507d1c5c88,144,32976.0,229.0,18-months-229,18,378710000012598561,,toptutors.dk/order/999f616e28650779c0d73c470ac55900b69fa1438367a5507d1c5c88,cus_NASTatG0SXhA22,,False,,,,
56,b7d4ee578df27c2fd29cc1757abfa3416e9200308604f8dc1b7ea372,24,7416.0,309.0,3-months-309,3,378710000012719624,,toptutors.dk/order/b7d4ee578df27c2fd29cc1757abfa3416e9200308604f8dc1b7ea372,cus_NGv4PeHw7mEj6K,,True,,,,
43,072514420131c1f2516e97e65414ee1350e240fb1eee1ff7bf4055d1,96,23904.0,249.0,12-months-249,12,378710000012814706,,toptutors.dk/order/072514420131c1f2516e97e65414ee1350e240fb1eee1ff7bf4055d1,cus_NDACy2ZJjeiKFL,,False,,,,
53,623915a7044bfd885f3b0846c61caec89e7531cda077204ab16dec2c,24,7416.0,309.0,3-months-309,3,378710000012902763,,toptutors.dk/order/623915a7044bfd885f3b0846c61caec89e7531cda077204ab16dec2c,cus_NGXQSk14PDaXkS,,False,,,,
34,46a33ec6c7b9136613618778943a7d90320f6dcd28ed33d43cbff885,72,19368.0,269.0,6-months-269,6,378710000012397001,,toptutors.dk/order/46a33ec6c7b9136613618778943a7d90320f6dcd28ed33d43cbff885,cus_NBGPKBsyHFqzS7,,False,,,,
42,eb1c2cbfc2ff2a5cf457c5cbe01cd8ed6678139a44d98196fbad7a6f,144,32976.0,229.0,18-months-229,18,378710000012963431,,toptutors.dk/order/eb1c2cbfc2ff2a5cf457c5cbe01cd8ed6678139a44d98196fbad7a6f,cus_ND6WCliud9W1zJ,,False,,,,
36,1c313984c3439d12d3d70a59774f7053feb6554bb79b6e126dbd6e2a,144,32976.0,229.0,18-months-229,18,378710000012388430,,toptutors.dk/order/1c313984c3439d12d3d70a59774f7053feb6554bb79b6e126dbd6e2a,cus_NBiK2h3ndhwaOo,,True,,,,
40,33bbd8c49f36ffe10563aa8b621774d7981fc6a9d8149b980742ae59,24,7416.0,309.0,6-months-309,6,378710000012856323,,toptutors.dk/order/33bbd8c49f36ffe10563aa8b621774d7981fc6a9d8149b980742ae59,cus_NCRCnU8eu9UA8f,,False,,,,
37,e8c77fac1e8527be20885276c1615d1b6e0ff3c28b1a39a6a24ca8c6,144,32976.0,229.0,18-months-229,18,378710000012642036,,toptutors.dk/order/e8c77fac1e8527be20885276c1615d1b6e0ff3c28b1a39a6a24ca8c6,cus_NC0k2XETeUKVh7,,True,,,,
33,c5bc7e7e8906f1198ef75374bd0bc5a189bb38d2bd6f64ea05ec7f95,144,32976.0,229.0,18-months-229,18,378710000011808015,,toptutors.dk/order/c5bc7e7e8906f1198ef75374bd0bc5a189bb38d2bd6f64ea05ec7f95,cus_NAppN3pRIUCjVn,,False,,,,
38,49dfb3bfc6b0392b94dba657fe40f763b67e5e48e0a768e2bfb2b35a,144,32976.0,229.0,18-months-229,18,378710000012388430,,toptutors.dk/order/49dfb3bfc6b0392b94dba657fe40f763b67e5e48e0a768e2bfb2b35a,cus_NBiK2h3ndhwaOo,,False,,,,
44,1777a34a4e946591984f0b2210aa944d55e551dcb1f414857119e122,144,32976.0,229.0,18-months-229,18,378710000012916163,,toptutors.dk/order/1777a34a4e946591984f0b2210aa944d55e551dcb1f414857119e122,cus_NDVt3RuJPaleUk,,False,,,,
39,d7e2e4a08a9282180d57c6e61c878784159f3d069b3f86b948c6c9bb,24,7416.0,309.0,6-months-309,6,378710000012579306,,toptutors.dk/order/d7e2e4a08a9282180d57c6e61c878784159f3d069b3f86b948c6c9bb,cus_NCIax9Vtrzfvg1,,False,,,,
52,f60c578f620676b3719b9680d0a29ee5d314bc6b1cb857d94f5823f1,24,7416.0,309.0,3-months-309,3,378710000012865334,,toptutors.dk/order/f60c578f620676b3719b9680d0a29ee5d314bc6b1cb857d94f5823f1,cus_NGWDTxSjl04TYt,,False,,,,
49,5089553d1dd9a59e00000f88a7fb4bb6340fff9e991211480cd28d12,48,13872.0,289.0,6-months-289,6,378710000013156094,,toptutors.dk/order/5089553d1dd9a59e00000f88a7fb4bb6340fff9e991211480cd28d12,cus_NFQcc0TCBSO2rl,,False,,,,
41,f2217ac89e942d01b984ad44d6df647696225c73743e790b182689a1,24,7416.0,309.0,3-months-309,3,378710000012642036,,toptutors.dk/order/f2217ac89e942d01b984ad44d6df647696225c73743e790b182689a1,cus_NC0k2XETeUKVh7,,False,,,,
46,a4745a543a213723b7251861b9e24cff1eba3de33b37007e8da34ece,48,13872.0,289.0,6-months-289,6,378710000012742180,,toptutors.dk/order/a4745a543a213723b7251861b9e24cff1eba3de33b37007e8da34ece,cus_NF4WOlyjLhn513,,False,,,,
48,ded2c93f366ccd9e7e0faae64d6e191aa91d5b7e5f2e67c04b09d0bd,72,19368.0,269.0,9-months-269,9,378710000005915482,,toptutors.dk/order/ded2c93f366ccd9e7e0faae64d6e191aa91d5b7e5f2e67c04b09d0bd,cus_LznpwBHE6RFOIO,,False,,,,
55,fcb55fbc4ea17919c2fdd5b0d1109b1211ea6bdf75eac2155c1bef02,24,7416.0,309.0,3-months-309,3,378710000012916009,,toptutors.dk/order/fcb55fbc4ea17919c2fdd5b0d1109b1211ea6bdf75eac2155c1bef02,cus_NGYSWZfMU6Blu1,,False,,,,
51,137ce283be03594cd01940ebc516fe9a8898ba9b55d22b21ec12605a,24,7416.0,309.0,6-months-309,6,378710000011648984,,toptutors.dk/order/137ce283be03594cd01940ebc516fe9a8898ba9b55d22b21ec12605a,cus_NFkd7xDA4CCPgS,,True,,,,
35,dc343faf6642900377c2f2c5589b67717184bedbe80f673403fccc2d,24,7416.0,309.0,3-months-309,3,378710000008112962,,toptutors.dk/order/dc343faf6642900377c2f2c5589b67717184bedbe80f673403fccc2d,cus_MLw78iycQJT2p7,,False,,,,
54,d92bfc46a688ee248c1b28f34fece341dccceff77680e5088cbebfbe,24,7416.0,309.0,3-months-309,3,378710000007847133,,toptutors.dk/order/d92bfc46a688ee248c1b28f34fece341dccceff77680e5088cbebfbe,cus_MLsAME6caHJORL,,True,,,,
50,02d2d5e2709f0fb28f3761c7d9e6198c2f85b9a618caba12539bfedd,48,13872.0,289.0,6-months-289,6,378710000013203898,,toptutors.dk/order/02d2d5e2709f0fb28f3761c7d9e6198c2f85b9a618caba12539bfedd,cus_NFk4PY6OgUDwL5,,False,,,,
47,f2f7aaba21dc08dbb79b9b534551f90e3e370f08bcb61fbb5093ef6e,4,1596.0,399.0,single-399,1,378710000010342936,,toptutors.dk/order/f2f7aaba21dc08dbb79b9b534551f90e3e370f08bcb61fbb5093ef6e,cus_MuRAEQpXWYRQOP,,False,,,,
57,412700b643587f4415a90ddb4f8fa7a5a354e78673643856d58793c4,24,7416.0,309.0,6-months-309,6,378710000012719624,,toptutors.dk/order/412700b643587f4415a90ddb4f8fa7a5a354e78673643856d58793c4,cus_NGv4PeHw7mEj6K,,False,,,,
60,bb7f97a97c70acbcab50cd6d26ad0d1466781fcc09b3f75eb649b475,144,32976.0,229.0,18-months-229,18,378710000013211130,,toptutors.dk/order/bb7f97a97c70acbcab50cd6d26ad0d1466781fcc09b3f75eb649b475,cus_NHHCG3qL2fwGCC,,False,,2023-02-06 12:42:41.821787,,
58,a36bc72e6cd03d796a29ca4cb441ec827042ecbf647f4f35d6431a01,144,32976.0,229.0,18-months-229,18,378710000013282749,,toptutors.dk/order/a36bc72e6cd03d796a29ca4cb441ec827042ecbf647f4f35d6431a01,cus_NHFWQPvA8CmTqN,,False,,,,
59,476851cc77ee5cb6ec97e76bd92ead50488cd22e6a3e107e9ae65374,144,32976.0,229.0,18-months-229,18,378710000013268240,,toptutors.dk/order/476851cc77ee5cb6ec97e76bd92ead50488cd22e6a3e107e9ae65374,cus_KMyrRRTrHEaxsn,,False,,,,
70,090b7386cc7eb7dc397443820202e867f44300b304f938745ae6eaa7,144,32976.0,229.0,18-months-229,18,378710000013272247,,toptutors.dk/order/090b7386cc7eb7dc397443820202e867f44300b304f938745ae6eaa7,cus_NJrhQ8KG6iqBxq,,True,2023-02-06 12:42:41.821749,2023-02-06 12:42:41.821787,,
61,e141646dec0e170206ae2fdab6398476e5ca3f10a17dd493c43e1d60,24,7416.0,309.0,3-months-309,3,378710000012545041,,toptutors.dk/order/e141646dec0e170206ae2fdab6398476e5ca3f10a17dd493c43e1d60,cus_NHI38DKd0FICKF,,False,,,,
63,f831b664bedbba84463b7c97856079934f21fddeaaee33156b480d47,24,7416.0,309.0,6-months-309,6,378710000013412060,,toptutors.dk/order/f831b664bedbba84463b7c97856079934f21fddeaaee33156b480d47,cus_NI2OxY2IOU6JuS,,True,,,,
62,b37bc441333e50aba3d29514746289f6d08b8a128f0f28705d73d60d,96,23904.0,249.0,12-months-249,12,378710000013272613,,toptutors.dk/order/b37bc441333e50aba3d29514746289f6d08b8a128f0f28705d73d60d,cus_NHeZgV3vZwQzYq,,False,,,,
71,7f46fde26ffefed4f5051629fa02fd815d554179c2df7235248dd0c7,144,32976.0,229.0,18-months-229,18,378710000013272247,,toptutors.dk/order/7f46fde26ffefed4f5051629fa02fd815d554179c2df7235248dd0c7,cus_NJrhQ8KG6iqBxq,,False,2023-02-06 12:42:41.821749,2023-02-06 12:42:41.821787,,
64,c164e05a2a3e8e8f4e2c95206eff38a38c9bf3a99ee9a7dad16269e7,24,7416.0,309.0,3-months-309,3,378710000013781081,,toptutors.dk/order/c164e05a2a3e8e8f4e2c95206eff38a38c9bf3a99ee9a7dad16269e7,cus_KuNexDPab39pjI,,True,2023-02-06 12:42:41.821749,2023-02-06 12:42:41.821787,,
65,4887c3c03571373462c767d8cb6433b98b96ec97b6488986755fa267,144,32976.0,229.0,18-months-229,18,378710000013408023,,toptutors.dk/order/4887c3c03571373462c767d8cb6433b98b96ec97b6488986755fa267,cus_NJ7TF7shsWXVgx,,True,2023-02-06 12:42:41.821749,2023-02-06 12:42:41.821787,,
76,cf3725833e42ccf045cc86213080a9036070dbfdd3def26a5fde0f2d,24,7416.0,309.0,3-months-309,3,378710000013319219,,toptutors.dk/order/cf3725833e42ccf045cc86213080a9036070dbfdd3def26a5fde0f2d,cus_IunecORRRlaKpm,,True,2023-02-06 12:42:41.821749,2023-02-06 12:42:41.821787,,
66,a6eb4877a41cf070d60dbc84354cb52a3459b637f62103b76d137a73,24,7416.0,309.0,3-months-309,3,378710000013408023,,toptutors.dk/order/a6eb4877a41cf070d60dbc84354cb52a3459b637f62103b76d137a73,cus_NJ7TF7shsWXVgx,,False,2023-02-06 12:42:41.821749,2023-02-06 12:42:41.821787,,
81,e90c6f7cb86c8e12ee6a55f51f80eb511b6dce4c7e36ec030eb0e21b,24,7416.0,309.0,3-months-309,3,378710000007847133,,toptutors.dk/order/e90c6f7cb86c8e12ee6a55f51f80eb511b6dce4c7e36ec030eb0e21b,cus_MLsAME6caHJORL,,False,2023-02-06 12:42:41.821749,2023-02-28 00:14:46.493006,2023-02-28 09:55:20.842935,
67,02d5d3d0e5b4f564079936e1621fa738cbfd8cc3e4015f323b4f2c6a,96,23904.0,249.0,12-months-249,12,378710000013472146,,toptutors.dk/order/02d5d3d0e5b4f564079936e1621fa738cbfd8cc3e4015f323b4f2c6a,cus_NJ8VxNH2TBtnPz,,False,2023-02-06 12:42:41.821749,2023-02-06 12:42:41.821787,,
77,52057ea02438667fcbf5e0e5fd49a232abdf45314e98908a116423a4,48,13872.0,289.0,6-months-289,6,378710000013642297,,toptutors.dk/order/52057ea02438667fcbf5e0e5fd49a232abdf45314e98908a116423a4,cus_NLg76etYXdE5JW,,False,2023-02-06 12:42:41.821749,2023-02-06 12:42:41.821787,,
74,195bb634612538d9b6d9a9b86a80b68e339341105178ab3a30d008d8,24,7416.0,309.0,6-months-309,6,378710000013324061,,toptutors.dk/order/195bb634612538d9b6d9a9b86a80b68e339341105178ab3a30d008d8,cus_NJt1ZzUj9U0i3w,,True,2023-02-06 12:42:41.821749,2023-02-06 12:42:41.821787,,
69,6f159cec86e565e7fb379059b3a9a6bbec37b080740a124f00b9ff9b,144,32976.0,229.0,18-months-229,18,378710000013758209,,toptutors.dk/order/6f159cec86e565e7fb379059b3a9a6bbec37b080740a124f00b9ff9b,cus_LfzwCPjm2Vcafm,,True,2023-02-06 12:42:41.821749,2023-02-06 12:42:41.821787,,
68,6f0c4c63274184c5b45c3f06f066be98edbcf688eb84e8b77a3e1eb5,144,32976.0,229.0,18-months-229,18,378710000013683121,,toptutors.dk/order/6f0c4c63274184c5b45c3f06f066be98edbcf688eb84e8b77a3e1eb5,cus_NJWZVJCHKQDDeT,,False,2023-02-06 12:42:41.821749,2023-02-06 12:42:41.821787,,
72,1de2b5a468e3f7f022d633f9789e960bdd9be9ba3abcdb767b4bb4ef,48,13872.0,289.0,6-months-289,6,378710000013489708,,toptutors.dk/order/1de2b5a468e3f7f022d633f9789e960bdd9be9ba3abcdb767b4bb4ef,cus_NJs4ACDObOMUDM,,False,2023-02-06 12:42:41.821749,2023-02-06 12:42:41.821787,,
73,f02457ed051f3d8cdd87ff760179f39ec0d7637356d398fc1b416c76,24,7416.0,309.0,6-months-309,6,378710000013324061,,toptutors.dk/order/f02457ed051f3d8cdd87ff760179f39ec0d7637356d398fc1b416c76,cus_NJt1ZzUj9U0i3w,,False,2023-02-06 12:42:41.821749,2023-02-06 12:42:41.821787,,
79,6ff7d0007221a070099f2c42af2ce98bba2e7efa2b96362b8aae248a,24,7416.0,309.0,6-months-309,6,378710000011648984,,toptutors.dk/order/6ff7d0007221a070099f2c42af2ce98bba2e7efa2b96362b8aae248a,cus_NM6K7vNWB1KExE,,False,2023-02-06 12:42:41.821749,2023-02-20 10:03:38.521857,2023-02-20 15:35:15.326849,
75,d4ba7b450f70dae63b6d1b6fb2b3ab0e1ea2afd5f88ca97c41c3ae49,48,13872.0,289.0,6-months-289,6,378710000013375278,,toptutors.dk/order/d4ba7b450f70dae63b6d1b6fb2b3ab0e1ea2afd5f88ca97c41c3ae49,cus_NKaCGak6uDmYK5,,True,2023-02-06 12:42:41.821749,2023-02-06 12:42:41.821787,,
83,02d6b47108371aaf764f3415214b97d8ddcf517e91e13278e012fe4c,24,6674.4,309.0,3-months-309,3,378710000011476069,10,toptutors.dk/order/02d6b47108371aaf764f3415214b97d8ddcf517e91e13278e012fe4c,cus_NONaInbJYWErh4,,False,2023-02-20 10:03:38.521823,2023-02-20 10:03:38.521857,2023-02-25 14:11:08.854088,
78,892d7b661da38998e552361adf3ea3743b459a26ab3b484f4731fc25,144,32976.0,229.0,18-months-229,18,378710000013758209,,toptutors.dk/order/892d7b661da38998e552361adf3ea3743b459a26ab3b484f4731fc25,cus_LfzwCPjm2Vcafm,,False,2023-02-06 12:42:41.821749,2023-02-06 12:42:41.821787,,
82,7a20e9558a583d190b333deb239461a7031cc31ce30a46b7ac8444eb,144,32976.0,229.0,18-months-229,18,378710000014192382,,toptutors.dk/order/7a20e9558a583d190b333deb239461a7031cc31ce30a46b7ac8444eb,cus_NNFBHa70HjqJfd,,True,2023-02-06 12:42:41.821749,2023-02-06 12:42:41.821787,,
80,345abae06fb4fd8992ecce422a66c71059ad1742c45429a3406f515b,144,32976.0,229.0,18-months-229,18,378710000013811444,,toptutors.dk/order/345abae06fb4fd8992ecce422a66c71059ad1742c45429a3406f515b,cus_NMWmMCIMNyavbB,,False,2023-02-06 12:42:41.821749,2023-02-06 12:42:41.821787,,
84,ca3ef3d8dc92963e6789ebe6a39d74b870c2265b8bca6f35ae2f69e9,12,4788.0,399.0,single-399,1,378710000013871389,,toptutors.dk/order/ca3ef3d8dc92963e6789ebe6a39d74b870c2265b8bca6f35ae2f69e9,cus_NOlRiu2ppPUDTP,,True,2023-02-20 10:03:38.521823,2023-02-20 10:03:38.521857,,
85,acc2bfd0f9ac71229731846a3f177f41e37a9591fa37ee672c5280a9,8,3192.0,399.0,single-399,1,378710000012400795,,toptutors.dk/order/acc2bfd0f9ac71229731846a3f177f41e37a9591fa37ee672c5280a9,cus_NOlXgwF7nxcfsC,,False,2023-02-20 10:03:38.521823,2023-02-20 10:03:38.521857,2023-02-25 16:19:11.989711,
86,7782b1c0dd5aa774dd015df4dbcfaca07968c9c52e8f38462f4749f5,144,32976.0,229.0,18-months-229,18,378710000013402138,,toptutors.dk/order/7782b1c0dd5aa774dd015df4dbcfaca07968c9c52e8f38462f4749f5,cus_NP3qPMmI94tEhL,,False,2023-02-20 10:03:38.521823,2023-02-20 10:03:38.521857,2023-02-22 11:15:08.114363,
87,86753bd4a0dc5360bac02bbc85420403c9b9b407602b39e0cce59935,144,32976.0,229.0,18-months-229,18,378710000014192382,,toptutors.dk/order/86753bd4a0dc5360bac02bbc85420403c9b9b407602b39e0cce59935,cus_NNFBHa70HjqJfd,,False,2023-02-20 10:03:38.521823,2023-02-20 10:03:38.521857,2023-02-22 19:55:41.250472,
88,e4478dd1a5f79f81f3961d985595b18e1872b4284b0cf44bd3d9f92a,48,13872.0,289.0,6-months-289,6,378710000013375278,,toptutors.dk/order/e4478dd1a5f79f81f3961d985595b18e1872b4284b0cf44bd3d9f92a,cus_NKaCGak6uDmYK5,,True,2023-02-20 10:03:38.521823,2023-02-20 10:03:38.521857,,
96,d2bd238fedfa80ed02d07467e39b8d933878839b7ab66d93d25ac0b2,96,23904.0,249.0,12-months-249,12,378710000014312112,,toptutors.dk/order/d2bd238fedfa80ed02d07467e39b8d933878839b7ab66d93d25ac0b2,cus_NPsbIGdSYw4h7p,,False,2023-02-20 10:03:38.521823,2023-02-20 10:03:38.521857,2023-02-25 13:42:39.223593,
89,d4c6a9474e331dc5baca0239cbd7683178800c031c8f6b5e577d8d4d,24,7416.0,309.0,3-months-309,3,378710000008983168,,toptutors.dk/order/d4c6a9474e331dc5baca0239cbd7683178800c031c8f6b5e577d8d4d,cus_MShycar3Ov7UWv,,False,2023-02-20 10:03:38.521823,2023-02-20 10:03:38.521857,2023-02-23 10:28:29.802792,
102,e6edd1aae7de05de2ca4b19e015288e18c4d4ac62b42a97dd4f5f6ec,96,23904.0,249.0,24-months-249,24,378710000014410006,,toptutors.dk/order/e6edd1aae7de05de2ca4b19e015288e18c4d4ac62b42a97dd4f5f6ec,cus_NRlduu9ZKXMGlw,,True,2023-02-28 18:54:23.315104,2023-02-28 18:54:23.315145,,
90,ff41412633207ce0b97845b1b68cf7ea512422744b026a9f5e94a34a,48,13872.0,289.0,6-months-289,6,378710000013375278,,toptutors.dk/order/ff41412633207ce0b97845b1b68cf7ea512422744b026a9f5e94a34a,cus_NPRJTnMQRon3sV,,True,2023-02-20 10:03:38.521823,2023-02-20 10:03:38.521857,,
104,6ceb65b8321e038af791871483164fc8ec631ec4b58641cc5a5566fa,24,7416.0,309.0,3-months-309,3,378710000014194578,,toptutors.dk/order/6ceb65b8321e038af791871483164fc8ec631ec4b58641cc5a5566fa,cus_NSTLjiAb1bEzAQ,,False,2023-02-28 18:54:23.315104,2023-03-03 14:04:04.446269,2023-03-03 16:38:40.383149,
91,f4adde18e6044d6629f62deb3b7ae7e1a450c9e5da86d19503539247,144,32976.0,229.0,18-months-229,18,378710000014266535,,toptutors.dk/order/f4adde18e6044d6629f62deb3b7ae7e1a450c9e5da86d19503539247,cus_NPVrF259kLDZjY,,True,2023-02-20 10:03:38.521823,2023-02-20 10:03:38.521857,,
93,3b1759087e44762e63ec665a5da1b1be45b92c53cc1a794308538f4b,8,3192.0,399.0,single-399,1,378710000013375278,,toptutors.dk/order/3b1759087e44762e63ec665a5da1b1be45b92c53cc1a794308538f4b,cus_NPRJTnMQRon3sV,,False,2023-02-20 10:03:38.521823,2023-02-28 18:54:23.315145,2023-03-02 09:02:58.678073,
92,d32c28c91059200b3161748e593b2d3beb5ed57e02693c689da8ce2a,144,32976.0,229.0,18-months-229,18,378710000014266535,,toptutors.dk/order/d32c28c91059200b3161748e593b2d3beb5ed57e02693c689da8ce2a,cus_NPVrF259kLDZjY,,True,2023-02-20 10:03:38.521823,2023-02-20 10:03:38.521857,,
98,69aa30db507816faf3b592d2340715bb9de1d75ff68d1e69c3ffd03d,3,927.0,309.0,single-309,1,378710000014520052,,toptutors.dk/order/69aa30db507816faf3b592d2340715bb9de1d75ff68d1e69c3ffd03d,cus_KuNexDPab39pjI,,True,2023-02-20 10:03:38.521823,2023-02-20 10:03:38.521857,,
99,d38a9c6cf43ab31ce05c5cd7b3f71028645792fbc62215cdefc364ce,3,1019.6999999999999,309.0,single-309,1,378710000014520052,,toptutors.dk/order/d38a9c6cf43ab31ce05c5cd7b3f71028645792fbc62215cdefc364ce,cus_KuNexDPab39pjI,,True,2023-02-20 10:03:38.521823,2023-02-20 10:03:38.521857,,
94,7851240536c805eb26888c0fe581459d5086c0285dd804b8f75f1975,48,13872.0,289.0,6-months-289,6,378710000014253523,,toptutors.dk/order/7851240536c805eb26888c0fe581459d5086c0285dd804b8f75f1975,cus_NPmaJSK3uCIzW8,,False,2023-02-20 10:03:38.521823,2023-02-20 10:03:38.521857,2023-02-24 09:46:07.605785,
110,05bccbc16e97f1be8e00dce0b6993498e2709f8ad45f62ea0d981724,96,23904.0,249.0,24-months-249,24,378710000014410006,,toptutors.dk/order/05bccbc16e97f1be8e00dce0b6993498e2709f8ad45f62ea0d981724,cus_NRlduu9ZKXMGlw,,True,2023-03-06 10:52:56.144646,2023-03-06 10:52:56.144674,,
97,10998f2ada5bb0526d9ca5c4009ad87647dfac4e5f86f08db22e30a9,24,7416.0,309.0,3-months-309,3,378710000014539469,,toptutors.dk/order/10998f2ada5bb0526d9ca5c4009ad87647dfac4e5f86f08db22e30a9,cus_LogVPOJwu8RxaI,,False,2023-02-20 10:03:38.521823,2023-02-28 00:14:46.493006,2023-02-28 07:20:04.580691,
95,4eac08258665398c6ccbf0f7a6e193ee3023a35c674a75c832a95d40,24,7416.0,309.0,3-months-309,3,378710000014266305,,toptutors.dk/order/4eac08258665398c6ccbf0f7a6e193ee3023a35c674a75c832a95d40,cus_NPmqLtmSmfJaxh,,False,2023-02-20 10:03:38.521823,2023-02-20 10:03:38.521857,2023-02-24 14:22:56.758408,
105,dd632bf3f194d4b075d3a21c411d52af13515ed8c53e4ca49f916bdd,24,7416.0,309.0,3-months-309,3,378710000014571309,,toptutors.dk/order/dd632bf3f194d4b075d3a21c411d52af13515ed8c53e4ca49f916bdd,cus_NSqDsaHzBcF9j3,,True,2023-03-03 14:04:04.446242,2023-03-03 14:04:04.446269,,
103,75f147a7d1d5167da7d59ef5b7632058398a60981ea27afcf1334451,8,3192.0,399.0,single-399,1,378710000014432144,,toptutors.dk/order/75f147a7d1d5167da7d59ef5b7632058398a60981ea27afcf1334451,cus_NS8RJXjuCogBM0,,False,2023-02-28 18:54:23.315104,2023-02-28 18:54:23.315145,2023-03-02 15:38:10.252438,
100,7989287ac35bc47413eac318ae1f3314cc653809e9662539d202813f,144,32976.0,229.0,18-months-229,18,378710000013331272,,toptutors.dk/order/7989287ac35bc47413eac318ae1f3314cc653809e9662539d202813f,cus_NRjyv1cQ8eqNlj,,True,2023-02-28 18:54:23.315104,2023-02-28 18:54:23.315145,,
108,1e2d32ad1b8ac248d859f0310498e572ae828776f73eef693f5a0da8,24,7416.0,309.0,3-months-309,3,378710000004936104,,toptutors.dk/order/1e2d32ad1b8ac248d859f0310498e572ae828776f73eef693f5a0da8,cus_NTexxlWdbZoPB6,,False,2023-03-06 10:52:56.144646,2023-03-06 10:52:56.144674,2023-03-06 19:41:34.292589,
101,dce0e0d8b18c5b37d13746e21e3ee50d9c318696fb3ba962f947454f,24,7416.0,309.0,3-months-309,3,378710000014465883,,toptutors.dk/order/dce0e0d8b18c5b37d13746e21e3ee50d9c318696fb3ba962f947454f,cus_NRklmV571mcN0n,,True,2023-02-28 18:54:23.315104,2023-02-28 18:54:23.315145,,
109,a3c35fb40ba994d5ef821ad7095baf5a089d9672a723010efc7e2da8,24,7416.0,309.0,3-months-309,3,378710000014528711,,toptutors.dk/order/a3c35fb40ba994d5ef821ad7095baf5a089d9672a723010efc7e2da8,cus_NTw8zUHCZDCbkQ,,False,2023-03-06 10:52:56.144646,2023-03-06 10:52:56.144674,2023-03-07 11:38:49.113116,
107,18e1023fbcef01e3aaed67c205a0105c11f73843acf27e75f2d33d4c,24,7416.0,309.0,3-months-309,3,378710000014465883,,toptutors.dk/order/18e1023fbcef01e3aaed67c205a0105c11f73843acf27e75f2d33d4c,cus_NRklmV571mcN0n,,False,2023-03-05 19:45:46.131275,2023-03-05 19:45:46.131310,2023-03-06 09:23:12.981824,
106,343c907f7983868fd0976b54b7255e456a3884c71fd4d756384c60bd,24,7416.0,309.0,3-months-309,3,378710000014571309,,toptutors.dk/order/343c907f7983868fd0976b54b7255e456a3884c71fd4d756384c60bd,cus_NSqDsaHzBcF9j3,,False,2023-03-03 14:04:04.446242,2023-03-03 14:04:04.446269,2023-03-04 14:30:14.258404,
111,9758b02182e5d7744b4951babf5df6622b0600a3d67389a54a9c45c1,144,32976.0,229.0,18-months-229,18,378710000014810488,,toptutors.dk/order/9758b02182e5d7744b4951babf5df6622b0600a3d67389a54a9c45c1,cus_NUI5nf8JaKwtli,,True,2023-03-06 10:52:56.144646,2023-03-06 10:52:56.144674,,
112,144f41d351207368a68d45e7d5ded3667293b8da3dd0187ae9eda0b6,144,32976.0,229.0,18-months-229,18,378710000014810488,,toptutors.dk/order/144f41d351207368a68d45e7d5ded3667293b8da3dd0187ae9eda0b6,cus_NUI5nf8JaKwtli,,False,2023-03-06 10:52:56.144646,2023-03-21 07:20:34.947237,2023-03-26 23:14:35.502909,
114,3b64be2d1dbb29afc516a56584739f52dceb65fcadfe8fda102af404,6,1854.0,309.0,single-309,1,378710000000475254,,toptutors.dk/order/3b64be2d1dbb29afc516a56584739f52dceb65fcadfe8fda102af404,cus_KM1kDtlsW0pyEq,,False,2023-03-06 10:52:56.144646,2023-03-06 10:52:56.144674,2023-03-08 11:16:54.222846,
115,ee8330dcd606dfa9b0a5edc3f6286030cd0438c28adf4e4a91c1e7b9,24,7416.0,309.0,3-months-309,3,378710000014506902,,toptutors.dk/order/ee8330dcd606dfa9b0a5edc3f6286030cd0438c28adf4e4a91c1e7b9,cus_NUMbhMapAJCoAF,,False,2023-03-06 10:52:56.144646,2023-03-06 10:52:56.144674,2023-03-12 07:36:10.446230,
116,bd3c813fc82bc9befe39230f955ecf455020b30b10a17c4e52f55239,144,32976.0,229.0,18-months-229,18,378710000014779689,,toptutors.dk/order/bd3c813fc82bc9befe39230f955ecf455020b30b10a17c4e52f55239,cus_NUNWuaOzhNnZpP,,False,2023-03-06 10:52:56.144646,2023-03-06 10:52:56.144674,2023-03-08 17:05:49.310985,
113,b8b0670da9365e6668943d0ac58f0173ac9f8fb2e03f128209362e99,144,32976.0,229.0,18-months-229,18,378710000014658139,,toptutors.dk/order/b8b0670da9365e6668943d0ac58f0173ac9f8fb2e03f128209362e99,cus_NUIkp10MUo0Tb3,,False,2023-03-06 10:52:56.144646,2023-03-06 10:52:56.144674,2023-03-09 09:05:10.088328,
136,cd9b4f554527c01ed1a1908816d4772f9fc021cb28090e2a4ec86e2b,48,13872.0,289.0,6-months-289,6,378710000014995008,,toptutors.dk/order/cd9b4f554527c01ed1a1908816d4772f9fc021cb28090e2a4ec86e2b,cus_NY5N8b7srVZruB,,False,2023-03-16 18:04:27.615398,2023-03-16 18:04:27.615432,2023-03-18 20:25:17.217297,
132,f50e5727747594e46234cf715b0504fbdf05a0596cd8ab28f35aff43,24,7416.0,309.0,3-months-309,3,378710000014964748,,toptutors.dk/order/f50e5727747594e46234cf715b0504fbdf05a0596cd8ab28f35aff43,cus_NXgIcHJUlLmrSi,,False,2023-03-16 18:04:27.615398,2023-03-16 18:04:27.615432,2023-03-17 15:06:46.066077,
117,7dbdf6533e4b36c9ce8ceb6a9f75298fbe65007f7672ee09d6ae423d,24,7416.0,309.0,3-months-309,3,378710000015058286,,toptutors.dk/order/7dbdf6533e4b36c9ce8ceb6a9f75298fbe65007f7672ee09d6ae423d,cus_NUiPKfpgQHmxBl,,False,2023-03-06 10:52:56.144646,2023-03-06 10:52:56.144674,2023-03-09 19:49:33.501154,
118,6e0641f5ce9b430dab71254387d16c6026d990be24419635944b0a24,48,13872.0,289.0,6-months-289,6,378710000015124860,,toptutors.dk/order/6e0641f5ce9b430dab71254387d16c6026d990be24419635944b0a24,cus_NV806dHmb1ouSI,,False,2023-03-06 10:52:56.144646,2023-03-06 10:52:56.144674,2023-03-10 15:27:11.024106,
126,7d292d54f0b46f8d44c60fbfebf32684e0eae6cb8877e89702829e15,24,7416.0,309.0,3-months-309,3,378710000014941362,,toptutors.dk/order/7d292d54f0b46f8d44c60fbfebf32684e0eae6cb8877e89702829e15,cus_NWwdfxJyNA8jgs,,False,2023-03-06 10:52:56.144646,2023-03-06 10:52:56.144674,2023-03-15 13:42:16.525054,
134,4947e56f8b01ab358e8bed44b94fa02e43af1b5bcb7a19183310cd10,8,3192.0,399.0,single-399,1,378710000015413523,,toptutors.dk/order/4947e56f8b01ab358e8bed44b94fa02e43af1b5bcb7a19183310cd10,cus_L44On7T7odXsDW,,False,2023-03-16 18:04:27.615398,2023-03-16 18:04:27.615432,2023-03-17 13:23:00.156160,
119,b05e73396b3f165dc42cbe009db03a5bb0acea268ea9bd7d5ff74ac5,48,13872.0,289.0,6-months-289,6,378710000014785499,,toptutors.dk/order/b05e73396b3f165dc42cbe009db03a5bb0acea268ea9bd7d5ff74ac5,cus_NV8gvVI9BFB4gO,,False,2023-03-06 10:52:56.144646,2023-03-20 06:23:14.521640,2023-03-20 09:53:19.444808,
131,00c62fdde642cede40108c78286a14334e44f58fd19afea65f702c36,144,32976.0,229.0,18-months-229,18,378710000014186988,,toptutors.dk/order/00c62fdde642cede40108c78286a14334e44f58fd19afea65f702c36,cus_NXM2wbOAJhweqA,,False,2023-03-06 10:52:56.144646,2023-03-21 07:20:34.947237,2023-03-23 11:39:01.017809,
123,12275428b881bcc19d39b2dd4cb10c6462507c6aa0e050c897bbcc54,144,32976.0,229.0,18-months-229,18,378710000014836621,,toptutors.dk/order/12275428b881bcc19d39b2dd4cb10c6462507c6aa0e050c897bbcc54,cus_NVvrGfLQSM3isP,,False,2023-03-06 10:52:56.144646,2023-03-06 10:52:56.144674,2023-03-13 17:13:15.107781,
127,d0de93118790fcf15eb630b01f9f05d31b9aa7b231bb10d4492476d2,96,23904.0,249.0,12-months-249,12,378710000015265694,,toptutors.dk/order/d0de93118790fcf15eb630b01f9f05d31b9aa7b231bb10d4492476d2,cus_NXI4ZzI3LVcF5j,,True,2023-03-06 10:52:56.144646,2023-03-06 10:52:56.144674,,
121,b9809839aad56972057a8244ffd727ebb27ece203536d1045de9358a,144,32976.0,229.0,18-months-229,18,378710000013666333,,toptutors.dk/order/b9809839aad56972057a8244ffd727ebb27ece203536d1045de9358a,cus_NVUhuB5JcqRB7G,,False,2023-03-06 10:52:56.144646,2023-03-06 10:52:56.144674,2023-03-11 18:41:35.165115,
124,ef8633d9a2c4c4042904320f03beded9b9403b28a4435e44c1d5af70,24,7416.0,309.0,6-months-309,6,378710000014670153,,toptutors.dk/order/ef8633d9a2c4c4042904320f03beded9b9403b28a4435e44c1d5af70,cus_NWF1cV7w9Q9DQ8,,False,2023-03-06 10:52:56.144646,2023-03-06 10:52:56.144674,2023-03-13 19:13:53.584903,
120,9591107cf0aa38cf81ce7f3d80576d9c43f67b52cff36ec1a9b04b11,144,32976.0,229.0,18-months-229,18,378710000014816266,,toptutors.dk/order/9591107cf0aa38cf81ce7f3d80576d9c43f67b52cff36ec1a9b04b11,cus_NV8myRtnNGpvQy,,False,2023-03-06 10:52:56.144646,2023-03-06 10:52:56.144674,2023-03-14 07:41:23.032593,
135,0842166272f0fc53ff9f3810256dda125200690907d07a2d37ea3dff,144,29678.4,229.0,18-months-229,18,378710000015497007,10,toptutors.dk/order/0842166272f0fc53ff9f3810256dda125200690907d07a2d37ea3dff,cus_LwV3MArihFuIq5,,True,2023-03-16 18:04:27.615398,2023-03-16 18:04:27.615432,,
128,8a9fdc7f972fc283f7427701c93d21a9d5fdb3469976c6d267d4ce63,24,7416.0,309.0,3-months-309,3,378710000015265694,,toptutors.dk/order/8a9fdc7f972fc283f7427701c93d21a9d5fdb3469976c6d267d4ce63,cus_NXI4ZzI3LVcF5j,,False,2023-03-06 10:52:56.144646,2023-03-06 10:52:56.144674,2023-03-16 10:55:40.012608,
125,78f6113fc78d6725860fef06308e256dec6e1527becf52d15d54dad7,2,798.0,399.0,single-399,1,378710000014266535,,toptutors.dk/order/78f6113fc78d6725860fef06308e256dec6e1527becf52d15d54dad7,cus_NWGPM4BsYW5XX6,,False,2023-03-06 10:52:56.144646,2023-03-06 10:52:56.144674,2023-03-14 09:07:32.771746,
129,c8493ea2f82d9a198b3a4ee8c5e7e36596211b43beb59a882b90406d,24,7416.0,309.0,3-months-309,3,378710000014704571,,toptutors.dk/order/c8493ea2f82d9a198b3a4ee8c5e7e36596211b43beb59a882b90406d,cus_NXKJgOl5ZWHtAv,,False,2023-03-06 10:52:56.144646,2023-03-20 06:23:14.521640,2023-03-20 16:59:15.911356,
133,f18254d1f0adb3a01a4c659650016c7a3d7612bca4341cf056149bf1,24,7416.0,309.0,3-months-309,3,378710000014964748,,toptutors.dk/order/f18254d1f0adb3a01a4c659650016c7a3d7612bca4341cf056149bf1,cus_NXgKdow07y8wXe,,True,2023-03-16 18:04:27.615398,2023-03-16 18:04:27.615432,,
122,34d9202f27f178b8b669508c93d76659f94b1b695299f05bb57ec8a8,144,32976.0,229.0,36-months-229,36,378710000013140154,,toptutors.dk/order/34d9202f27f178b8b669508c93d76659f94b1b695299f05bb57ec8a8,cus_NVr1N3VEa0eUhf,,False,2023-03-06 10:52:56.144646,2023-03-16 18:04:27.615432,2023-03-17 13:55:28.272685,
130,78fef56f4a6bce025663a86fed5058c2a17a3502aa6bf720d4a1959e,48,13872.0,289.0,6-months-289,6,378710000014966424,,toptutors.dk/order/78fef56f4a6bce025663a86fed5058c2a17a3502aa6bf720d4a1959e,cus_NXLUHAULdHXjZ1,,False,2023-03-06 10:52:56.144646,2023-03-16 18:04:27.615432,2023-03-18 09:07:16.329858,
139,1213bcd622d19dd08eb1a1808e605a56942610d780d1a96b4335b7b1,24,7416.0,309.0,3-months-309,3,378710000015512443,,toptutors.dk/order/1213bcd622d19dd08eb1a1808e605a56942610d780d1a96b4335b7b1,cus_NYmnRFlxvwnRKz,,True,2023-03-20 06:23:14.521617,2023-03-20 06:23:14.521640,,
138,1fa2564bf97eebbab09627e01bbfd8e6ca32e7ac65c12d6980eb4b61,8,3192.0,399.0,single-399,1,378710000015540051,,toptutors.dk/order/1fa2564bf97eebbab09627e01bbfd8e6ca32e7ac65c12d6980eb4b61,cus_NYmPqXl68ZakpC,,True,2023-03-20 06:23:14.521617,2023-03-20 06:23:14.521640,,
137,818fbbae09aab621d9a83f342d27d97f41d773feb03ee19dcd714fe8,144,32976.0,229.0,18-months-229,18,378710000015165634,,toptutors.dk/order/818fbbae09aab621d9a83f342d27d97f41d773feb03ee19dcd714fe8,cus_NYUFlxjL2jSKOp,,False,2023-03-16 18:04:27.615398,2023-03-21 07:20:34.947237,2023-03-25 23:16:01.640209,
140,c6903d94bbb8684c657015f82d64e22e6db2ec95025207bb39d8d1ca,96,23904.0,249.0,12-months-249,12,378710000015449725,,toptutors.dk/order/c6903d94bbb8684c657015f82d64e22e6db2ec95025207bb39d8d1ca,cus_NYpyMOmvvb2Yp6,,False,2023-03-20 06:23:14.521617,2023-03-21 07:20:34.947237,2023-03-26 15:53:25.068541,
141,996cdf3bb91dc0028730946d09b9124c42d34df8e4cd9c76e7009426,24,7416.0,309.0,3-months-309,3,378710000015547629,,toptutors.dk/order/996cdf3bb91dc0028730946d09b9124c42d34df8e4cd9c76e7009426,cus_NYmnRFlxvwnRKz,,True,2023-03-21 07:20:34.947201,2023-03-21 07:20:34.947237,,
148,b7cc70edbdb9cc49ee7fb53f4a1766046469d9973609de22627d81e2,24,7416.0,309.0,1-months-309,1,378710000015628697,,toptutors.dk/order/b7cc70edbdb9cc49ee7fb53f4a1766046469d9973609de22627d81e2,cus_NZy7W1c0mLNHuB,,False,2023-03-21 07:20:34.947201,2023-03-21 07:20:34.947237,2023-03-23 13:39:40.039951,
150,0014bf228f2e4264cac3d0165395a9ea9acbb226dd1b15441fa3db8b,96,23904.0,249.0,12-months-249,12,378710000015256142,,toptutors.dk/order/0014bf228f2e4264cac3d0165395a9ea9acbb226dd1b15441fa3db8b,cus_NaMpp034ZjAZ51,,False,2023-03-21 07:20:34.947201,2023-03-21 07:20:34.947237,2023-03-27 14:30:01.369807,
144,5c369cd84fa90b5f83003acbe559b4e78c43559c00f55f208b4c70b0,24,7416.0,309.0,3-months-309,3,378710000015636778,,toptutors.dk/order/5c369cd84fa90b5f83003acbe559b4e78c43559c00f55f208b4c70b0,cus_NZcwLY96sa5yuM,,True,2023-03-21 07:20:34.947201,2023-03-21 07:20:34.947237,,
156,3352ecafe44349d3768da863fb0cfe4b0575e51e5bae5ea0c6f96007,48,13872.0,289.0,6-months-289,6,378710000015320062,,toptutors.dk/order/3352ecafe44349d3768da863fb0cfe4b0575e51e5bae5ea0c6f96007,cus_NaiwaKf2BNPzWB,,False,2023-03-21 07:20:34.947201,2023-03-21 07:20:34.947237,2023-03-25 16:51:48.661881,
149,44e716c38c1d358b535ee8c5713a678155c1ee106e162cdcb2ec14fd,24,7416.0,309.0,3-months-309,3,378710000015584333,,toptutors.dk/order/44e716c38c1d358b535ee8c5713a678155c1ee106e162cdcb2ec14fd,cus_NaLhx4hbIE1rfc,,True,2023-03-21 07:20:34.947201,2023-03-21 07:20:34.947237,,
145,0b0f716b4ca8b0b6b18a916323ac351161c0dda3cbd47e26ff720cbe,24,7416.0,309.0,3-months-309,3,378710000015636778,,toptutors.dk/order/0b0f716b4ca8b0b6b18a916323ac351161c0dda3cbd47e26ff720cbe,cus_NZcwLY96sa5yuM,,False,2023-03-21 07:20:34.947201,2023-03-21 07:20:34.947237,2023-03-22 15:59:07.052306,
143,8b4138d479876f86861202d5299ec4f5aa75998d366771b8902b092b,24,7416.0,309.0,3-months-309,3,378710000015042132,,toptutors.dk/order/8b4138d479876f86861202d5299ec4f5aa75998d366771b8902b092b,cus_NZZC7F5PhgRS3V,,False,2023-03-21 07:20:34.947201,2023-03-21 07:20:34.947237,2023-03-22 17:19:41.728429,
162,15ba893f90b15634ea7f9d0cbafaded318ce407acd188518ef757c85,144,32976.0,229.0,18-months-229,18,378710000015415255,,toptutors.dk/order/15ba893f90b15634ea7f9d0cbafaded318ce407acd188518ef757c85,cus_NbkTc4tE0W6kJR,,False,2023-03-21 07:20:34.947201,2023-03-21 07:20:34.947237,2023-03-28 08:08:11.463281,
151,a26a70a19c071d8ca4db549afdfc120838cddbe020dde6704ddf8093,24,7416.0,309.0,3-months-309,3,378710000014715285,,toptutors.dk/order/a26a70a19c071d8ca4db549afdfc120838cddbe020dde6704ddf8093,cus_NaO42aUZ8GXeHY,,True,2023-03-21 07:20:34.947201,2023-03-21 07:20:34.947237,,
146,95cafeb008e2e121274e82dc3725199e1d5df59cf207d06a346d2d56,24,7416.0,309.0,3-months-309,3,378710000011832119,,toptutors.dk/order/95cafeb008e2e121274e82dc3725199e1d5df59cf207d06a346d2d56,cus_NZdR0VqIWlkyHo,,False,2023-03-21 07:20:34.947201,2023-03-21 07:20:34.947237,2023-03-22 17:46:26.115152,
152,f297f90dbe805889c9cdaf43baba979d86b0bc4891c43f6a6d13be66,48,13872.0,289.0,6-months-289,6,378710000014281986,,toptutors.dk/order/f297f90dbe805889c9cdaf43baba979d86b0bc4891c43f6a6d13be66,cus_NaOYNA8yDeF8Qj,,False,2023-03-21 07:20:34.947201,2023-03-21 07:20:34.947237,2023-03-26 10:04:21.792358,
142,08ea90240a5c183f5898c6a37999de8a36a7af4cc312265fa0ae0516,144,32976.0,229.0,18-months-229,18,378710000015547629,,toptutors.dk/order/08ea90240a5c183f5898c6a37999de8a36a7af4cc312265fa0ae0516,cus_NYmnRFlxvwnRKz,,False,2023-03-21 07:20:34.947201,2023-03-21 07:20:34.947237,2023-03-22 20:14:57.197259,
159,ddffc39f3b8e5500a52ac17d82d69331dfa122f87c60b3ff78d7fa45,144,32976.0,229.0,18-months-229,18,378710000015262414,,toptutors.dk/order/ddffc39f3b8e5500a52ac17d82d69331dfa122f87c60b3ff78d7fa45,cus_NbNjbfSFApWdtN,,False,2023-03-21 07:20:34.947201,2023-03-21 07:20:34.947237,2023-03-27 08:35:38.349436,
147,f9dbf534c965dc11f7459c9a97cad889be02ee002c04159c3d1acb1a,24,7416.0,309.0,3-months-309,3,378710000015628697,,toptutors.dk/order/f9dbf534c965dc11f7459c9a97cad889be02ee002c04159c3d1acb1a,cus_NZy7W1c0mLNHuB,,True,2023-03-21 07:20:34.947201,2023-03-21 07:20:34.947237,,
165,bcb3e173c2ea413284b86efd39ccd370205615eb26db593178e6bef6,144,32976.0,229.0,18-months-229,18,378710000015648390,,toptutors.dk/order/bcb3e173c2ea413284b86efd39ccd370205615eb26db593178e6bef6,cus_Nbs7av3dOn4esS,,False,2023-03-21 07:20:34.947201,2023-03-21 07:20:34.947237,2023-03-29 08:04:48.810578,
153,c60afe5f65b4720b6ac98cd3273e892a809d46becdbfb1dea54d3a44,144,32976.0,229.0,18-months-229,18,378710000015531024,,toptutors.dk/order/c60afe5f65b4720b6ac98cd3273e892a809d46becdbfb1dea54d3a44,cus_NaPHzx4FFOJtHg,,False,2023-03-21 07:20:34.947201,2023-03-21 07:20:34.947237,2023-03-30 22:33:52.606881,
154,31a52c6fff75c76f46b7c19f7d1cc4b3d9aa6cb4e0b56b4c0dfd8e02,144,32976.0,229.0,18-months-229,18,378710000006092111,,toptutors.dk/order/31a52c6fff75c76f46b7c19f7d1cc4b3d9aa6cb4e0b56b4c0dfd8e02,cus_MhfUAliIdwX48R,,False,2023-03-21 07:20:34.947201,2023-03-21 07:20:34.947237,2023-04-04 07:09:52.359825,
157,398b9da9dbe68a9e34c5fb8f7e583f45281df7c1118eacabd22a2f40,144,32976.0,229.0,18-months-229,18,378710000014810488,,toptutors.dk/order/398b9da9dbe68a9e34c5fb8f7e583f45281df7c1118eacabd22a2f40,cus_NUI5nf8JaKwtli,,True,2023-03-21 07:20:34.947201,2023-03-21 07:20:34.947237,,
155,4f99b5dff5dd54816956b983b294fd97c8d96f9a223322d4203d674d,8,3192.0,399.0,single-399,1,378710000015584333,,toptutors.dk/order/4f99b5dff5dd54816956b983b294fd97c8d96f9a223322d4203d674d,cus_NaLhx4hbIE1rfc,,True,2023-03-21 07:20:34.947201,2023-03-21 07:20:34.947237,,
158,7242953232b2eebadd72a39a89096aa6dfe1248eb5f255e934ddf209,8,3192.0,399.0,single-399,1,378710000015584333,,toptutors.dk/order/7242953232b2eebadd72a39a89096aa6dfe1248eb5f255e934ddf209,cus_NaLhx4hbIE1rfc,,False,2023-03-21 07:20:34.947201,2023-03-21 07:20:34.947237,2023-03-27 10:15:48.379854,
161,8a3417c603a51051af3982a686439dc8c0cc0670124d7da736752943,72,19368.0,269.0,9-months-269,9,378710000015549400,,toptutors.dk/order/8a3417c603a51051af3982a686439dc8c0cc0670124d7da736752943,cus_NbWom3SPl0pTRN,,True,2023-03-21 07:20:34.947201,2023-03-21 07:20:34.947237,,
164,d9fd663864a47e847e881c97e6438f1177fd30f5a696b38332a4dbc1,144,32976.0,229.0,18-months-229,18,378710000013331272,,toptutors.dk/order/d9fd663864a47e847e881c97e6438f1177fd30f5a696b38332a4dbc1,cus_NRjyv1cQ8eqNlj,,True,2023-03-21 07:20:34.947201,2023-03-21 07:20:34.947237,,
160,da8acb23706ced022add85ffade0a2dfb9cafe25f939abd5326bba15,144,32976.0,229.0,18-months-229,18,378710000015381054,,toptutors.dk/order/da8acb23706ced022add85ffade0a2dfb9cafe25f939abd5326bba15,cus_NbU73S197qQ51r,,False,2023-03-21 07:20:34.947201,2023-03-21 07:20:34.947237,2023-03-28 15:55:32.943575,
167,235ad55e513108e9cff5a406a571f41ace05207755295365c30afffb,144,32976.0,229.0,18-months-229,18,378710000015581634,,toptutors.dk/order/235ad55e513108e9cff5a406a571f41ace05207755295365c30afffb,cus_NcaXita4OkQ8W8,,False,2023-03-21 07:20:34.947201,2023-03-21 07:20:34.947237,2023-03-30 13:54:20.992480,
166,b0872287b35ac05a20d8b396dc27bcee891242b085f47a5fb8c95a33,144,32976.0,229.0,18-months-229,18,378710000015351849,,toptutors.dk/order/b0872287b35ac05a20d8b396dc27bcee891242b085f47a5fb8c95a33,cus_NcVFhOPsbXCiHQ,,False,2023-03-21 07:20:34.947201,2023-03-21 07:20:34.947237,2023-03-30 09:52:37.104038,
168,4675c4721a8bd17cbec8bcd2cb170d250795fb5eee537372b45d4c66,144,32976.0,229.0,18-months-229,18,378710000014768605,,toptutors.dk/order/4675c4721a8bd17cbec8bcd2cb170d250795fb5eee537372b45d4c66,cus_NcuD6sSVqhVrAQ,,False,2023-03-21 07:20:34.947201,2023-03-21 07:20:34.947237,2023-03-31 15:45:11.196876,
163,1b545e3a534062b5034510a93ee5421b9b32447c9fbebbefd5d0761d,96,21513.6,249.0,12-months-249,12,378710000004553069,10,toptutors.dk/order/1b545e3a534062b5034510a93ee5421b9b32447c9fbebbefd5d0761d,cus_LZziRCkABayuRH,,False,2023-03-21 07:20:34.947201,2023-04-06 08:44:48.648215,,
226,a757e4f076d3b0210b59f31265b1dce82b9cee57a3c0062566e7335f,72,19368.0,269.0,18-months-269,18,378710000016080821,,toptutors.dk/order/a757e4f076d3b0210b59f31265b1dce82b9cee57a3c0062566e7335f,cus_NkSZ2b8ZeO6Vlr,,False,2023-04-13 07:03:19.430356,2023-04-13 07:03:19.430396,,False
184,0a59165e65673dd710f9e1a6495c4ba9d23a2389e57e3069c8bc6f55,24,7416.0,309.0,3-months-309,3,378710000015590090,,toptutors.dk/order/0a59165e65673dd710f9e1a6495c4ba9d23a2389e57e3069c8bc6f55,cus_NfboThpHXGLxeQ,,False,2023-04-06 08:44:48.648179,2023-04-06 08:44:48.648215,,False
177,f4914181999c8506dc0bc95701dbff8bc0d86a5063e634b5df3b828b,144,32976.0,229.0,18-months-229,18,378710000015335226,,toptutors.dk/order/f4914181999c8506dc0bc95701dbff8bc0d86a5063e634b5df3b828b,cus_Ne5GVLdcUuaDRl,,True,2023-03-21 07:20:34.947201,2023-03-21 07:20:34.947237,,
171,76aa3a5a589989c960b3f151b2d1fcb45387962c58be5ad8d43faa0a,144,32976.0,229.0,36-months-229,36,378710000014779689,,toptutors.dk/order/76aa3a5a589989c960b3f151b2d1fcb45387962c58be5ad8d43faa0a,cus_NUNWuaOzhNnZpP,,False,2023-03-21 07:20:34.947201,2023-03-21 07:20:34.947237,2023-03-31 16:02:18.333901,
176,1fe159666d657db0655a81a9e61be54ab98a59c7a80163de16628789,96,23904.0,249.0,12-months-249,12,378710000015256717,,toptutors.dk/order/1fe159666d657db0655a81a9e61be54ab98a59c7a80163de16628789,cus_Ne2qoWKCtjec1n,,False,2023-03-21 07:20:34.947201,2023-03-21 07:20:34.947237,2023-04-03 13:06:55.763613,
172,f7c3e517ea63ed3fc2e05d6b4a06e7a0ff5a5d25af2141ea0e6ff933,24,7416.0,309.0,3-months-309,3,378710000015863448,,toptutors.dk/order/f7c3e517ea63ed3fc2e05d6b4a06e7a0ff5a5d25af2141ea0e6ff933,cus_NczXDduVqWSioN,,False,2023-03-21 07:20:34.947201,2023-03-21 07:20:34.947237,2023-03-31 17:03:02.757667,
218,382609eaef4f7a8cc9c3362b943ce9e11eeedfc8b53800874a33add4,144,32976.0,229.0,18-months-229,18,378710000015785109,,toptutors.dk/order/382609eaef4f7a8cc9c3362b943ce9e11eeedfc8b53800874a33add4,cus_Nh5DCZA4y5lwPA,,False,2023-04-06 08:44:48.648179,2023-04-06 08:44:48.648215,,False
181,5447dc8c084f3ddd290ef21377a3146c52d43c3431c3f20665c47c6d,48,13872.0,289.0,6-months-289,6,378710000016268344,,toptutors.dk/order/5447dc8c084f3ddd290ef21377a3146c52d43c3431c3f20665c47c6d,cus_NerFOEVvYDd6X7,,False,2023-04-04 14:38:17.844288,2023-04-04 14:38:17.844309,,False
174,bd781eeb1532d06912d3bacaf77333888dc5102195113b7e3db6b2f5,96,21513.6,249.0,12-months-249,12,378710000015626001,10,toptutors.dk/order/bd781eeb1532d06912d3bacaf77333888dc5102195113b7e3db6b2f5,cus_LwV3MArihFuIq5,,True,2023-03-21 07:20:34.947201,2023-03-21 07:20:34.947237,,
178,15eeefe77c87d58b76d939caeff320948e24bcaeb5fb354e9fc5ffc8,144,32976.0,229.0,18-months-229,18,378710000015335226,,toptutors.dk/order/15eeefe77c87d58b76d939caeff320948e24bcaeb5fb354e9fc5ffc8,cus_Nen7t0qy2ydka3,,False,2023-04-04 14:38:17.844288,2023-04-04 14:38:17.844309,,False
173,5a3dcd80753ca5b797812f9fd69f2b32a0f64c65dd709058a7e55225,48,13872.0,289.0,12-months-289,12,378710000007581439,,toptutors.dk/order/5a3dcd80753ca5b797812f9fd69f2b32a0f64c65dd709058a7e55225,cus_MGgAm0BZuifrFN,,False,2023-03-21 07:20:34.947201,2023-03-21 07:20:34.947237,2023-04-01 14:10:31.627442,
175,2fe1a11f4424508a57afebcad034d1c0297d7f9ae58b735de14253f0,144,32976.0,229.0,18-months-229,18,378710000016143092,,toptutors.dk/order/2fe1a11f4424508a57afebcad034d1c0297d7f9ae58b735de14253f0,cus_JP6WsLhAXgPRKv,,True,2023-03-21 07:20:34.947201,2023-03-21 07:20:34.947237,,
169,7b0abf39e5a56354f79aaf3c1ce09ad870bdeb6023c073b7eb13d636,72,19368.0,269.0,9-months-269,9,378710000014539469,,toptutors.dk/order/7b0abf39e5a56354f79aaf3c1ce09ad870bdeb6023c073b7eb13d636,cus_LogVPOJwu8RxaI,,False,2023-03-21 07:20:34.947201,2023-03-21 07:20:34.947237,2023-04-02 23:45:51.867273,
185,c36756fe9105c655182db5ff0ba0140ad158c139a537fe4e253637a3,48,13872.0,289.0,6-months-289,6,378710000016285052,,toptutors.dk/order/c36756fe9105c655182db5ff0ba0140ad158c139a537fe4e253637a3,cus_NgjhsnEDxABd1g,,False,2023-04-06 08:44:48.648179,2023-04-06 08:44:48.648215,,False
179,6734f4b1a575c7507d4f9ce2e120c6411666a5fe28013b19c53d65fa,48,13872.0,289.0,6-months-289,6,378710000016268344,,toptutors.dk/order/6734f4b1a575c7507d4f9ce2e120c6411666a5fe28013b19c53d65fa,cus_NerFOEVvYDd6X7,,True,2023-04-04 14:38:17.844288,2023-04-04 14:38:17.844309,,False
220,866773d440fb8cfa02b144592bb155f3d7ba16c1c8ef0362b785ab5d,144,32976.0,229.0,18-months-229,18,378710000016483918,,toptutors.dk/order/866773d440fb8cfa02b144592bb155f3d7ba16c1c8ef0362b785ab5d,cus_NjKno90WpI5lao,,True,2023-04-13 07:03:19.430356,2023-04-13 07:03:19.430396,,False
180,f30a71f3b546c984fbb26b0e777f8d5c520b158de3aa81932b719eb8,72,19368.0,269.0,9-months-269,9,378710000015452298,,toptutors.dk/order/f30a71f3b546c984fbb26b0e777f8d5c520b158de3aa81932b719eb8,cus_Net85ZVeGXrqVh,,False,2023-04-04 14:38:17.844288,2023-04-04 14:38:17.844309,,False
170,012c8e387a1230d289b423082e64cc2b773ae5da8d0f1739f9dca1e9,144,32976.0,229.0,18-months-229,18,378710000015778440,,toptutors.dk/order/012c8e387a1230d289b423082e64cc2b773ae5da8d0f1739f9dca1e9,cus_Ncx5VsYczjOSck,,False,2023-03-21 07:20:34.947201,2023-04-06 08:44:48.648215,,
182,a0210bef4a520e0768d7ef27a611c5f493a25ae9018408943e303f5b,144,32976.0,229.0,18-months-229,18,378710000015897793,,toptutors.dk/order/a0210bef4a520e0768d7ef27a611c5f493a25ae9018408943e303f5b,cus_Nf8eSy5mMqMv64,,False,2023-04-04 14:38:17.844288,2023-04-06 08:44:48.648215,,False
183,5cf9d9dd2fc0d6f19f79704f164bce140265cb4c709e8cd8c27d4905,2,618.0,309.0,single-309,1,378710000000475254,,toptutors.dk/order/5cf9d9dd2fc0d6f19f79704f164bce140265cb4c709e8cd8c27d4905,cus_KM1kDtlsW0pyEq,,False,2023-04-06 08:44:48.648179,2023-04-06 08:44:48.648215,,False
223,71e8b890415877fb0c30345d0348826ba9a089b01da8bfb006094e71,24,7416.0,309.0,3-months-309,3,378710000016411018,,toptutors.dk/order/71e8b890415877fb0c30345d0348826ba9a089b01da8bfb006094e71,cus_NjiiPsXWFwbLiL,,False,2023-04-13 07:03:19.430356,2023-04-13 07:03:19.430396,,False
219,d740c0b8125abe0449ba7afbbc8212c11afd95ab728d9c16d9981031,48,13872.0,289.0,6-months-289,6,378710000016037701,,toptutors.dk/order/d740c0b8125abe0449ba7afbbc8212c11afd95ab728d9c16d9981031,cus_Nh6MNNlEdYYcZM,,False,2023-04-06 08:44:48.648179,2023-04-06 08:44:48.648215,,False
225,fcb61a3216a84605b8887807f485dca272d84edcc7f51d81e6b785b1,8,3192.0,399.0,single-399,1,378710000016685299,,toptutors.dk/order/fcb61a3216a84605b8887807f485dca272d84edcc7f51d81e6b785b1,cus_NkP0svdq6Ppw3a,,False,2023-04-13 07:03:19.430356,2023-04-13 07:03:19.430396,,False
221,9510e11545dd5b7d30e59fc23dc250c43c40903278085a60a0f20ba2,24,7416.0,309.0,3-months-309,3,378710000016285625,,toptutors.dk/order/9510e11545dd5b7d30e59fc23dc250c43c40903278085a60a0f20ba2,cus_NjhA1LzJbWa0qV,,False,2023-04-13 07:03:19.430356,2023-04-13 07:03:19.430396,,False
224,4697bb38fc16740e641316625b1f8c000ff01cc3175803c282c7be13,144,32976.0,229.0,18-months-229,18,378710000016728317,,toptutors.dk/order/4697bb38fc16740e641316625b1f8c000ff01cc3175803c282c7be13,cus_LcznfzYYJmCIkl,,True,2023-04-13 07:03:19.430356,2023-04-13 07:03:19.430396,,False
227,f4dbb41ea70e5751d50c52203ecbb8d97a6c2214e09a95d277aeffe9,144,32976.0,229.0,18-months-229,18,378710000016612494,,toptutors.dk/order/f4dbb41ea70e5751d50c52203ecbb8d97a6c2214e09a95d277aeffe9,cus_NkTJj6JJKuSlba,,True,2023-04-13 07:03:19.430356,2023-04-13 07:03:19.430396,,False
222,0ab32c03ba8069a8a432bb5e5bfc9bd111871fadac352b0c9d5f35ad,144,32976.0,229.0,18-months-229,18,378710000016333059,,toptutors.dk/order/0ab32c03ba8069a8a432bb5e5bfc9bd111871fadac352b0c9d5f35ad,cus_NjhrzDsz5RGgwz,,False,2023-04-13 07:03:19.430356,2023-04-13 07:03:19.430396,,False
238,a2a8d7a2d40ad59cf262ab620a76093b929731579d215a90e900f973,24,7416.0,309.0,3-months-309,3,378710000016757842,,toptutors.dk/order/a2a8d7a2d40ad59cf262ab620a76093b929731579d215a90e900f973,cus_Nn6xxH3Ns9M1Sy,,False,2023-04-13 07:03:19.430356,2023-04-13 07:03:19.430396,,False
229,4d274e1449044c889612dde032c54d4c5e3394d30b0e41997e841346,24,7416.0,309.0,3-months-309,3,378710000016607004,,toptutors.dk/order/4d274e1449044c889612dde032c54d4c5e3394d30b0e41997e841346,cus_NklqfOQWlsVurY,,False,2023-04-13 07:03:19.430356,2023-04-13 07:03:19.430396,,False
236,9ece2c4399546fc9219514e6582f7083e12f92529a6ebee7002aa218,48,13872.0,289.0,6-months-289,6,378710000016773905,,toptutors.dk/order/9ece2c4399546fc9219514e6582f7083e12f92529a6ebee7002aa218,cus_Nn54zsGypOuRIh,,True,2023-04-13 07:03:19.430356,2023-04-13 07:03:19.430396,,False
228,7307a93ebb223bb9ac880685a5db482f763a673e1b771700e3e758dd,24,7416.0,309.0,3-months-309,3,378710000016612494,,toptutors.dk/order/7307a93ebb223bb9ac880685a5db482f763a673e1b771700e3e758dd,cus_NkTJj6JJKuSlba,,False,2023-04-13 07:03:19.430356,2023-04-13 07:03:19.430396,,False
230,420aec25e23368056e3af06d3fa26f92dac34280e5e0e60980a5bddf,48,13872.0,289.0,6-months-289,6,378710000016522616,,toptutors.dk/order/420aec25e23368056e3af06d3fa26f92dac34280e5e0e60980a5bddf,cus_NlBMdZW23Rnu67,,False,2023-04-13 07:03:19.430356,2023-04-13 07:03:19.430396,,False
243,748bcd2e6ab5f18c430fe670e7206acfa084749013cbc243c3f6c7ff,24,7416.0,309.0,3-months-309,3,378710000017213875,,toptutors.dk/order/748bcd2e6ab5f18c430fe670e7206acfa084749013cbc243c3f6c7ff,cus_NpJ09Tp3DGHtTw,,True,2023-04-13 07:03:19.430356,2023-04-13 07:03:19.430396,,False
237,f82325fdad779791247001bbd4920aa06a1ef535b02f0776dcc8c5ca,144,32976.0,229.0,18-months-229,18,378710000016755964,,toptutors.dk/order/f82325fdad779791247001bbd4920aa06a1ef535b02f0776dcc8c5ca,cus_Nn3YDrlbuSjrTV,,False,2023-04-13 07:03:19.430356,2023-04-13 07:03:19.430396,,False
240,544713b69eff42da8172fec4ffa8769fcc21002bc8650edb8a59cd71,24,7416.0,309.0,3-months-309,3,378710000016358045,,toptutors.dk/order/544713b69eff42da8172fec4ffa8769fcc21002bc8650edb8a59cd71,cus_NoB5ghFgJv4O4P,,False,2023-04-13 07:03:19.430356,2023-04-13 07:03:19.430396,,False
231,0d3451aa67fc04946ed57b7bb7ce6d652aa621c5820da12a8357a285,12,4788.0,399.0,single-399,1,378710000016758099,,toptutors.dk/order/0d3451aa67fc04946ed57b7bb7ce6d652aa621c5820da12a8357a285,cus_JrBINXeAayjGhV,,False,2023-04-13 07:03:19.430356,2023-04-13 07:03:19.430396,,False
233,af20fa573d5db40894853a5869e94d43392f34fb7d04bb320eaad801,144,32976.0,229.0,18-months-229,18,378710000015232472,,toptutors.dk/order/af20fa573d5db40894853a5869e94d43392f34fb7d04bb320eaad801,cus_NmGSfKgoi9dbXp,,True,2023-04-13 07:03:19.430356,2023-04-13 07:03:19.430396,,False
234,6b053e8858342a743a11f9faf2efa73ebbc169e0dc5dfe841679210a,24,7416.0,309.0,3-months-309,3,378710000016524346,,toptutors.dk/order/6b053e8858342a743a11f9faf2efa73ebbc169e0dc5dfe841679210a,cus_NmGZPD8l2nr3az,,False,2023-04-13 07:03:19.430356,2023-04-13 07:03:19.430396,,False
241,288c1489c83f5212e690ab5dc21cc5d4505fb1877d95166d389fe81a,4,1596.0,399.0,single-399,1,378710000009785559,,toptutors.dk/order/288c1489c83f5212e690ab5dc21cc5d4505fb1877d95166d389fe81a,cus_Mi1PT56agabeqv,,True,2023-04-13 07:03:19.430356,2023-04-13 07:03:19.430396,,False
232,968c13a343cf01141d3943e2f240e9678f54d48fd7f6ac9be278230e,144,32976.0,229.0,18-months-229,18,378710000007654439,,toptutors.dk/order/968c13a343cf01141d3943e2f240e9678f54d48fd7f6ac9be278230e,cus_MZ4mTFA2iO7Pxs,,False,2023-04-13 07:03:19.430356,2023-04-13 07:03:19.430396,,False
239,58b4f0cedb2b4ff0714d98b0d3956598723c111a76681fdd186d73f3,10,3990.0,399.0,single-399,1,378710000017060622,,toptutors.dk/order/58b4f0cedb2b4ff0714d98b0d3956598723c111a76681fdd186d73f3,cus_NnOuadFP2QtGVy,,False,2023-04-13 07:03:19.430356,2023-04-13 07:03:19.430396,,False
235,897bd3fa5e2270a484a805bf9a6e439795ddcad481f7fc6e5c67f772,144,32976.0,229.0,18-months-229,18,378710000015268717,,toptutors.dk/order/897bd3fa5e2270a484a805bf9a6e439795ddcad481f7fc6e5c67f772,cus_NmglUfpoNAfjyv,,False,2023-04-13 07:03:19.430356,2023-04-13 07:03:19.430396,,False
242,a5c099b8b4ef264e573223a1fcde6e12e5424145ba6635255f98f19f,144,32976.0,229.0,18-months-229,18,378710000017191612,,toptutors.dk/order/a5c099b8b4ef264e573223a1fcde6e12e5424145ba6635255f98f19f,cus_Np13EXbKDgDFhU,,False,2023-04-13 07:03:19.430356,2023-04-13 07:03:19.430396,,False
